insert into FN3MI0700035.ESSAYS (NQUESTION, CONDITION, MIN_LENGTH, MAX_LENGTH)
values (1, 'Как технологиите са повлияли на обществото?', 300, 1800),
       (2, 'Каква е ролята на образованието за личния растеж и развитие?', 300, 1900),
       (3, 'Какви са предимствата и недостатъците на социалните мрежи?', 450, 2400),
       (4, 'Как можем да се справим с проблема на изменението на климата?', 600, 3600),
       (5, 'Какви са ползите от практикуването на медитация и осъзнатост?', 450, 2400),
       (6, 'Какво е въздействието на глобализацията върху културата?', 600, 3000),
       (7, 'Как можем да насърчим равенството и разнообразието на работното място?', 600, 3600),
       (8, 'Какви са предизвикателствата, пред които е изправена здравната индустрия днес?', 750, 4200),
       (9, 'Как можем да подобрим грижата за психичното здраве в нашите общности?', 600, 3600),
       (10, 'Какви са етичните аспекти на изкуствен интелект?', 450, 2400);

insert into FN3MI0700035.CALCULATIONQUESTIONS (NQUESTION, CONDITION)
values (11, 'Решете уравнението: 2x^2 + 5x - 3 = 0.'),
       (12, 'Изчислете корен от 27, използвайки метода на Нютон.'),
       (13, 'Изчислете произведението на корените на уравнението x^2 - 5x + 6 = 0.'),
       (14, 'Решете системата от уравнения: 2x + 3y = 8; 4x - y = -7'),
       (15, 'Изчислете интеграла на функцията f(x) = 2x^2 - 3x + 4 в интервала [0, 3].'),
       (16, 'Решете уравнението: log(x + 4) - log(x - 1) = log 2.'),
       (17, 'Намерете точката на минимума на функцията f(x) = x^3 - 6x^2 + 9x + 2 в интервала [-2, 4].'),
       (18, 'Решете уравнението: sin(x) + cos(x) = 1.'),
       (19, 'Решете уравнението: e^x + 2x = 0.'),
       (20, 'Изчислете дължината на кривата y = x^2/2 + ln(x), където x приема стойности в интервала [1, 2].');

insert into FN3MI0700035.CLOSEDQUESTIONS (NQUESTION, CONDITION)
values (21, 'Кое е най-големото езеро в света?'),
       (22, 'Коя е най-дългата река в света?'),
       (23, 'Кой е най-голямата планина в света?'),
       (24, 'Кой е най-големият град в света по население?'),
       (25, 'Коя е най-малката страна в света по територия?');
       
insert into FN3MI0700035.ANSWERS (NQUESTION, TEXT, IS_RIGHT_ANSWER)
values (11, 'x1 = 0.5; x2 = -3', '1'),
       (12, '3', '1'),
       (13, '6', '1'),
       (14, 'x = 1, y = 2', '1'),
       (15, '20', '1'),
       (16, 'x = 2', '1'),
       (17, '(-1, 10)', '1'),
       (18, 'x = pi/4 + 2pi*k, k е цяло число', '1'),
       (19, 'x = -W(1/2)/2 - 1, където W е ламбертовата функция', '1'),
       (20, 'приблизително 3.17', '1'),
       (21, 'Каспийско езеро', '0'),
       (21, 'Охридско езеро', '0'),
       (21, 'Виктория езеро', '0'),
       (21, 'Байкалско езеро', '1'),
       (22, 'Нил', '0'),
       (22, 'Амазонка', '1'),
       (22, 'Янгцзе', '0'),
       (22, 'Мисисипи', '0'),
       (23, 'Хималаите', '1'),
       (23, 'Андите', '0'),
       (23, 'Роки', '0'),
       (23, 'Алпите', '0'),
       (24, 'Шанхай', '1'),
       (24, 'Токио', '0'),
       (24, 'Делхи', '0'),
       (24, 'Мексико Сити', '0'),
       (25, 'Ватикана', '1'),
       (25, 'Монако', '0'),
       (25, 'Науру', '0'),
       (25, 'Тувалу', '0');

insert into FN3MI0700035.STUDENTS (FN, FNAME, LNAME, FACULTY, COURSE)
values ('AB123CD456', 'Александра', 'Петрова', 'Икономически университет', 3),
       ('DE789FG012', 'Иван', 'Костадинов', 'Технически университет', 2),
       ('HI345JK678', 'Елена', 'Иванова', 'Медицински университет', 5),
       ('LM901NO234', 'Петър', 'Георгиев', 'Инженерен университет', 1),
       ('PQ567RS890', 'Даниел', 'Маринов', 'Изкуствен интелект и роботика', 4),
       ('TU123VW456', 'Мария', 'Николова', 'Филологически факултет', 2),
       ('XY789Z0123', 'Георги', 'Милев', 'Факултет по право', 3),
       ('AB456CD789', 'Виктория', 'Симеонова', 'Факултет по икономика', 4),
       ('EF012GH345', 'Димитър', 'Димитров', 'Факултет по информатика', 3);

insert into FN3MI0700035.EXAMS (TITLE, MINPOINTS, MAXPOINTS, NEEDED_EXAM, SCIENCE_FIELD)
values ('Кои са по-по-най', 40, 100, null, 'География'),
       ('Математика за всеки', 50, 120, null, 'Математика'),
       ('Етически проблеми при технологиите', 30, 150, 11, 'Информатика'),
       ('Подобрения в ежедневието ни', 10, 100, null, 'Философия');

insert into FN3MI0700035.CONSISTSOF (NEXAM, NQUESTION, POINTS)
values (8, 21, 23),
       (8, 22, 16),
       (8, 23, 28),
       (8, 24, 18),
       (8, 25, 27),
       (9, 11, 12),
       (9, 12, 24),
       (9, 13, 20),
       (9, 14, 19),
       (9, 15, 10),
       (9, 16, 12),
       (9, 17, 24),
       (9, 18, 27),
       (9, 19, 13),
       (9, 20, 14),
       (10, 1, 21),
       (10, 2, 28),
       (10, 3, 11),
       (10, 10, 25),
       (11, 4, 26),
       (11, 5, 15),
       (11, 6, 29),
       (11, 7, 17),
       (11, 8, 10),
       (11, 9, 22);

insert into FN3MI0700035.TAKESEXAM (FN, NEXAM, DATE)
values ('AB123CD456', 8, '2023-11-06'),
       ('DE789FG012', 8, '2023-11-06'),
       ('HI345JK678', 8, '2023-09-02'),
       ('LM901NO234', 8, '2023-09-02'),
       ('PQ567RS890', 11, '2022-08-18'),
       ('TU123VW456', 11, '2022-08-18'),
       ('XY789Z0123', 11, '2023-02-20'),
       ('AB456CD789', 11, '2023-02-20'),
       ('EF012GH345', 11, '2022-08-18'),
       ('DE789FG012', 10, '2022-07-31'),
       ('HI345JK678', 9, '2022-07-31'),
       ('LM901NO234', 9, '2022-07-31'),
       ('AB456CD789', 9, '2022-07-31'),
       ('EF012GH345', 9, '2022-07-31');

insert into FN3MI0700035.TAKENEXAMS (FN, NEXAM, GRADE)
values ('AB456CD789', 9, 4),
       ('EF012GH345', 9, 3.5),
       ('AB456CD789', 11, 6),
       ('PQ567RS890', 11, 4),
       ('TU123VW456', 11, 3);